{
    "accuracy": 0.8507405760281291,
    "loss": 0.33503934565712423
}