{
    "accuracy": 0.8525822777288691,
    "loss": 0.34208110500784483
}